OCC_ID,OCC_str,template
8_982_98200,Plant and machine operators and assemblers_Ships' engineroom ratings_Ship's engine men,Occupation: Plant and machine operators and assemblers_Ships' engineroom ratings_Ship's engine men
3_42_4220,Technicians and associate professionals_Ships' deck officers and pilots_Ship's masters and captains (sea),Occupation: Technicians and associate professionals_Ships' deck officers and pilots_Ship's masters and captains (sea)
8_969_96240,Plant and machine operators and assemblers_Stationary engine and related equipment operators not elsewhere classified_Stationary firemen and firemen nfs,Occupation: Plant and machine operators and assemblers_Stationary engine and related equipment operators not elsewhere classified_Stationary firemen and firemen nfs
3_42_4250,Technicians and associate professionals_Ships' deck officers and pilots_Ship's navigating officers and ship's mates,Occupation: Technicians and associate professionals_Ships' deck officers and pilots_Ship's navigating officers and ship's mates
5_520_52030,Service workers and shop and market sales_Housekeeping and related service supervisors_Stewards,Occupation: Service workers and shop and market sales_Housekeeping and related service supervisors_Stewards
8_981_98120,"Plant and machine operators and assemblers_Ships' deck ratings, barge crews and boatmen_Seamen","Occupation: Plant and machine operators and assemblers_Ships' deck ratings, barge crews and boatmen_Seamen"
<NA>_<NA>_<NA>,__,Occupation: __
7_954_95420,"Crafts and related trades workers_Carpenters, joiners and parquetry workers_Carpenters","Occupation: Crafts and related trades workers_Carpenters, joiners and parquetry workers_Carpenters"
3_42_4230,Technicians and associate professionals_Ships' deck officers and pilots_Ship's masters and captains (sea or inland waterways),Occupation: Technicians and associate professionals_Ships' deck officers and pilots_Ship's masters and captains (sea or inland waterways)
9_971_97140,Elementary occupations_Dockers and freight handlers_Porters,Occupation: Elementary occupations_Dockers and freight handlers_Porters
5_540_54010,Service workers and shop and market sales_Maids and related housekeeping service workers not elsewhere classified_Servants nfs,Occupation: Service workers and shop and market sales_Maids and related housekeeping service workers not elsewhere classified_Servants nfs
5_531_53100,Service workers and shop and market sales_Cooks_Cooks,Occupation: Service workers and shop and market sales_Cooks_Cooks
5_532_53220,"Service workers and shop and market sales_Waiters, bartenders and related workers_Waiter or waitress","Occupation: Service workers and shop and market sales_Waiters, bartenders and related workers_Waiter or waitress"
7_799_79920,"Crafts and related trades workers_Tailors, dressmakers, sewers, upholsterers and related workers not elsewhere classified_Sail, tent and awning makers","Occupation: Crafts and related trades workers_Tailors, dressmakers, sewers, upholsterers and related workers not elsewhere classified_Sail, tent and awning makers"
2_53_5300,Professionals_Agronomists and related scientists_Agronomists and related scientists,Occupation: Professionals_Agronomists and related scientists_Agronomists and related scientists
7_879_87540,"Crafts and related trades workers_Other plumbers, welders, sheet metal and structural metal preparers and erectors_Ship's carpenters","Occupation: Crafts and related trades workers_Other plumbers, welders, sheet metal and structural metal preparers and erectors_Ship's carpenters"
5_510_51030,Service workers and shop and market sales_Working proprietors (catering and lodging services)_Restaurant keepers and managers,Occupation: Service workers and shop and market sales_Working proprietors (catering and lodging services)_Restaurant keepers and managers
7_834_83400,Crafts and related trades workers_Machinetool operators_Machinists,Occupation: Crafts and related trades workers_Machinetool operators_Machinists
5_582_58300,Service workers and shop and market sales_Policemen and detectives_Watchmen and guards,Occupation: Service workers and shop and market sales_Policemen and detectives_Watchmen and guards
1_219_22110,"Legislators, senior officials and managers_Managers not elsewhere classified_Superintendents and managers nfs","Occupation: Legislators, senior officials and managers_Managers not elsewhere classified_Superintendents and managers nfs"
1_219_22180,"Legislators, senior officials and managers_Managers not elsewhere classified_Superintendents and managers, commerce","Occupation: Legislators, senior officials and managers_Managers not elsewhere classified_Superintendents and managers, commerce"
9_990_99130,Elementary occupations_Labourers not elsewhere classified_Common labourers or general labourers,Occupation: Elementary occupations_Labourers not elsewhere classified_Common labourers or general labourers
7_879_87530,"Crafts and related trades workers_Other plumbers, welders, sheet metal and structural metal preparers and erectors_Shipwrights and ship joiners","Occupation: Crafts and related trades workers_Other plumbers, welders, sheet metal and structural metal preparers and erectors_Shipwrights and ship joiners"
3_42_4260,Technicians and associate professionals_Ships' deck officers and pilots_Ship and boat pilots,Occupation: Technicians and associate professionals_Ships' deck officers and pilots_Ship and boat pilots
2_22_2200,Professionals_Civil engineers_Civil engineers,Occupation: Professionals_Civil engineers_Civil engineers
2_139_13300,Professionals_Teachers not elsewhere classified_School administrators and principals,Occupation: Professionals_Teachers not elsewhere classified_School administrators and principals
8_985_98550,Plant and machine operators and assemblers_Motor vehicle drivers_Delivery men and drivers of goods,Occupation: Plant and machine operators and assemblers_Motor vehicle drivers_Delivery men and drivers of goods
10_995_58430,Armed forces_Armed forces_Other members of the armed forces,Occupation: Armed forces_Armed forces_Other members of the armed forces
5_582_58220,"Service workers and shop and market sales_Policemen and detectives_Policemen and detectives, public service","Occupation: Service workers and shop and market sales_Policemen and detectives_Policemen and detectives, public service"
4_310_31040,Clerks_Government executive officials_Customs officers,Occupation: Clerks_Government executive officials_Customs officers
4_339_33130,"Clerks_Bookkeepers, cashiers and related workers not elsewhere classified_Cashiers, bank or office","Occupation: Clerks_Bookkeepers, cashiers and related workers not elsewhere classified_Cashiers, bank or office"
4_370_37020,"Clerks_Mail distribution clerks_Postal, mail and telegraph clerks","Occupation: Clerks_Mail distribution clerks_Postal, mail and telegraph clerks"
6_641_64100,Skilled agricultural and fishery workers_Fishermen_Fishermen,Occupation: Skilled agricultural and fishery workers_Fishermen_Fishermen
5_410_41010,"Service workers and shop and market sales_Working proprietors (wholesale and retail trade)_Dealer, merchant etc. (wholesale and retail trade)","Occupation: Service workers and shop and market sales_Working proprietors (wholesale and retail trade)_Dealer, merchant etc. (wholesale and retail trade)"
4_370_37040,Clerks_Mail distribution clerks_Messengers,Occupation: Clerks_Mail distribution clerks_Messengers
9_974_97420,"Elementary occupations_Earthmoving and related machinery operators_Road builders, workers and labourers","Occupation: Elementary occupations_Earthmoving and related machinery operators_Road builders, workers and labourers"
6_611_61110,Skilled agricultural and fishery workers_General farmers_General farmers and farmers nfs,Occupation: Skilled agricultural and fishery workers_General farmers_General farmers and farmers nfs
7_841_84110,Crafts and related trades workers_Machinery fitters and machine assemblers_Mechanics,Occupation: Crafts and related trades workers_Machinery fitters and machine assemblers_Mechanics
5_520_52020,Service workers and shop and market sales_Housekeeping and related service supervisors_Housekeeper,Occupation: Service workers and shop and market sales_Housekeeping and related service supervisors_Housekeeper
5_432_43020,Service workers and shop and market sales_Commercial travellers and Manufacturers' agents_Commercial travellers,Occupation: Service workers and shop and market sales_Commercial travellers and Manufacturers' agents_Commercial travellers
7_776_77620,"Crafts and related trades workers_Bakers, pastrycooks and confectionery makers_Bakers","Occupation: Crafts and related trades workers_Bakers, pastrycooks and confectionery makers_Bakers"
4_339_33190,"Clerks_Bookkeepers, cashiers and related workers not elsewhere classified_Bookkeeping, account and cash handling workers nec","Occupation: Clerks_Bookkeepers, cashiers and related workers not elsewhere classified_Bookkeeping, account and cash handling workers nec"
5_510_51020,Service workers and shop and market sales_Working proprietors (catering and lodging services)_Hotel keepers and managers,Occupation: Service workers and shop and market sales_Working proprietors (catering and lodging services)_Hotel keepers and managers
5_552_55240,"Service workers and shop and market sales_Charworkers, cleaners and related workers_Chimney sweeps","Occupation: Service workers and shop and market sales_Charworkers, cleaners and related workers_Chimney sweeps"
9_990_99140,"Elementary occupations_Labourers not elsewhere classified_Day labourers (e.g., journalier)","Occupation: Elementary occupations_Labourers not elsewhere classified_Day labourers (e.g., journalier)"
6_612_61320,Skilled agricultural and fishery workers_Specialised farmers_Farmer and fisherman,Occupation: Skilled agricultural and fishery workers_Specialised farmers_Farmer and fisherman
6_611_61115,Skilled agricultural and fishery workers_General farmers_Husbandmen or cottars,Occupation: Skilled agricultural and fishery workers_General farmers_Husbandmen or cottars
7_820_82000,Crafts and related trades workers_Stone cutters and carvers_Stone carvers or cutters and stone yard workers,Occupation: Crafts and related trades workers_Stone cutters and carvers_Stone carvers or cutters and stone yard workers
7_839_83860,"Crafts and related trades workers_Blacksmiths, toolmakers and machinetool operators not elsewhere classified_Wire makers","Occupation: Crafts and related trades workers_Blacksmiths, toolmakers and machinetool operators not elsewhere classified_Wire makers"
4_310_31010,"Clerks_Government executive officials_Civil servants, title unknown","Occupation: Clerks_Government executive officials_Civil servants, title unknown"
7_939_93110,"Crafts and related trades workers_Painters not elsewhere classified_Painters, nfs","Occupation: Crafts and related trades workers_Painters not elsewhere classified_Painters, nfs"
5_451_45120,"Service workers and shop and market sales_Salesmen, shop assistants and demonstrators_Salespeople, wholesale or retail trade","Occupation: Service workers and shop and market sales_Salesmen, shop assistants and demonstrators_Salespeople, wholesale or retail trade"
4_380_38020,Clerks_Telephone and telegraph operators_Telephone operator,Occupation: Clerks_Telephone and telegraph operators_Telephone operator
1_212_21130,"Legislators, senior officials and managers_Production managers (except farm)_Manufacturers or proprietors of specified manufacturing concerns","Occupation: Legislators, senior officials and managers_Production managers (except farm)_Manufacturers or proprietors of specified manufacturing concerns"
4_393_39310,"Clerks_Correspondence and reporting clerks_Office clerks, specialisation unknown","Occupation: Clerks_Correspondence and reporting clerks_Office clerks, specialisation unknown"
5_432_43030,Service workers and shop and market sales_Commercial travellers and Manufacturers' agents_Manufacturers and sales agents,Occupation: Service workers and shop and market sales_Commercial travellers and Manufacturers' agents_Manufacturers and sales agents
1_299_23120,"Legislators, senior officials and managers_Administrative and managerial, n.e.c._Foremen and supervisors, manufacturing","Occupation: Legislators, senior officials and managers_Administrative and managerial, n.e.c._Foremen and supervisors, manufacturing"
7_802_80200,"Crafts and related trades workers_Shoe cutters, lasters, sewers and related workers_Specialised occupations in the boot and shoe making industry","Occupation: Crafts and related trades workers_Shoe cutters, lasters, sewers and related workers_Specialised occupations in the boot and shoe making industry"
5_552_55200,"Service workers and shop and market sales_Charworkers, cleaners and related workers_Charworkers","Occupation: Service workers and shop and market sales_Charworkers, cleaners and related workers_Charworkers"
5_560_56000,"Service workers and shop and market sales_Launderers, drycleaners and pressers_Washing and laundry services","Occupation: Service workers and shop and market sales_Launderers, drycleaners and pressers_Washing and laundry services"
5_570_57030,"Service workers and shop and market sales_Hairdressers, barbers, beauticians and related workers_Barbers","Occupation: Service workers and shop and market sales_Hairdressers, barbers, beauticians and related workers_Barbers"
7_803_80330,Crafts and related trades workers_Leather goods makers_Trunk or bag maker,Occupation: Crafts and related trades workers_Leather goods makers_Trunk or bag maker
7_795_79520,Crafts and related trades workers_Sewers and embroiderers_Seamstresses,Occupation: Crafts and related trades workers_Sewers and embroiderers_Seamstresses
7_803_80320,Crafts and related trades workers_Leather goods makers_Saddlers and harness makers,Occupation: Crafts and related trades workers_Leather goods makers_Saddlers and harness makers
7_801_80100,Crafts and related trades workers_Shoemakers and shoe repairers_Boot and shoe makers and repairers,Occupation: Crafts and related trades workers_Shoemakers and shoe repairers_Boot and shoe makers and repairers
8_732_73200,"Plant and machine operators and assemblers_Sawyers, plywood makers and related woodprocessing workers_Sawyers and other titled wood/sawmill operatives","Occupation: Plant and machine operators and assemblers_Sawyers, plywood makers and related woodprocessing workers_Sawyers and other titled wood/sawmill operatives"
1_299_23110,"Legislators, senior officials and managers_Administrative and managerial, n.e.c._Foremen and supervisors nfs","Occupation: Legislators, senior officials and managers_Administrative and managerial, n.e.c._Foremen and supervisors nfs"
8_959_95910,Plant and machine operators and assemblers_Construction workers not elsewhere classified_Construction workers nec,Occupation: Plant and machine operators and assemblers_Construction workers not elsewhere classified_Construction workers nec
6_631_63140,Skilled agricultural and fishery workers_Loggers_Wood cutters and choppers,Occupation: Skilled agricultural and fishery workers_Loggers_Wood cutters and choppers
7_799_79990,"Crafts and related trades workers_Tailors, dressmakers, sewers, upholsterers and related workers not elsewhere classified_Other cloth and related product manufacturing workers","Occupation: Crafts and related trades workers_Tailors, dressmakers, sewers, upholsterers and related workers not elsewhere classified_Other cloth and related product manufacturing workers"
8_778_77820,"Plant and machine operators and assemblers_Brewers, wine and beverage makers_Brewers","Occupation: Plant and machine operators and assemblers_Brewers, wine and beverage makers_Brewers"
4_331_33120,Clerks_Bookkeepers and cashiers_Bookkeepers and bookkeeping clerks,Occupation: Clerks_Bookkeepers and cashiers_Bookkeepers and bookkeeping clerks
6_621_62110,"Skilled agricultural and fishery workers_General farm workers_Farm workers, specialisation unknown","Occupation: Skilled agricultural and fishery workers_General farm workers_Farm workers, specialisation unknown"
6_627_62730,Skilled agricultural and fishery workers_Nursery workers and gardeners_Nursery labourers,Occupation: Skilled agricultural and fishery workers_Nursery workers and gardeners_Nursery labourers
8_984_98490,"Plant and machine operators and assemblers_Railway brakemen, signalmen and shunters_Others skilled railway workers","Occupation: Plant and machine operators and assemblers_Railway brakemen, signalmen and shunters_Others skilled railway workers"
1_299_23180,"Legislators, senior officials and managers_Administrative and managerial, n.e.c._Foremen and supervisors, commerce","Occupation: Legislators, senior officials and managers_Administrative and managerial, n.e.c._Foremen and supervisors, commerce"
7_791_79190,Crafts and related trades workers_Tailors and dressmakers_Other garment makers,Occupation: Crafts and related trades workers_Tailors and dressmakers_Other garment makers
7_773_77310,Crafts and related trades workers_Butchers and meat preparers_Butchers,Occupation: Crafts and related trades workers_Butchers and meat preparers_Butchers
7_792_79200,Crafts and related trades workers_Fur tailors and related workers_Furriers and fur workers,Occupation: Crafts and related trades workers_Fur tailors and related workers_Furriers and fur workers
7_831_83120,"Crafts and related trades workers_Blacksmiths, hammersmiths and forgingpress operators_Blacksmiths","Occupation: Crafts and related trades workers_Blacksmiths, hammersmiths and forgingpress operators_Blacksmiths"
7_791_79120,Crafts and related trades workers_Tailors and dressmakers_Tailors and tailoresses,Occupation: Crafts and related trades workers_Tailors and dressmakers_Tailors and tailoresses
8_985_98510,"Plant and machine operators and assemblers_Motor vehicle drivers_Drivers, nec","Occupation: Plant and machine operators and assemblers_Motor vehicle drivers_Drivers, nec"
9_971_97120,Elementary occupations_Dockers and freight handlers_Ship boat loaders and dock workers,Occupation: Elementary occupations_Dockers and freight handlers_Ship boat loaders and dock workers
7_755_75500,Crafts and related trades workers_Knitters_Knitters,Occupation: Crafts and related trades workers_Knitters_Knitters
5_599_59950,Service workers and shop and market sales_Other service workers_Errand boys and errand girls,Occupation: Service workers and shop and market sales_Other service workers_Errand boys and errand girls
7_951_95130,"Crafts and related trades workers_Bricklayers, stonemasons and tile setters_Stone masons","Occupation: Crafts and related trades workers_Bricklayers, stonemasons and tile setters_Stone masons"
<NA>_990_99440,_Labourers not elsewhere classified_Helpers of relative or helping at home,Occupation: _Labourers not elsewhere classified_Helpers of relative or helping at home
4_391_39100,"Clerks_Stock clerks_Stock, weight and shipping clerks","Occupation: Clerks_Stock clerks_Stock, weight and shipping clerks"
7_910_92110,Crafts and related trades workers_Paper and paperboard products makers_Printers nfs,Occupation: Crafts and related trades workers_Paper and paperboard products makers_Printers nfs
7_951_95110,"Crafts and related trades workers_Bricklayers, stonemasons and tile setters_Mason nfs or combined","Occupation: Crafts and related trades workers_Bricklayers, stonemasons and tile setters_Mason nfs or combined"
7_791_79130,Crafts and related trades workers_Tailors and dressmakers_Dressmakers,Occupation: Crafts and related trades workers_Tailors and dressmakers_Dressmakers
7_795_79590,Crafts and related trades workers_Sewers and embroiderers_Others hand sewers,Occupation: Crafts and related trades workers_Sewers and embroiderers_Others hand sewers
8_949_94990,Plant and machine operators and assemblers_Other production and related workers_Production and related workers nec,Occupation: Plant and machine operators and assemblers_Other production and related workers_Production and related workers nec
8_749_75000,"Plant and machine operators and assemblers_Chemical processers and related workers not elsewhere classified_Textile workers, specialisation unknown","Occupation: Plant and machine operators and assemblers_Chemical processers and related workers not elsewhere classified_Textile workers, specialisation unknown"
8_983_98320,Plant and machine operators and assemblers_Railway engine drivers and firemen_Railway/railroad engineers and enginemen,Occupation: Plant and machine operators and assemblers_Railway engine drivers and firemen_Railway/railroad engineers and enginemen
2_139_13920,Professionals_Teachers not elsewhere classified_Governesses,Occupation: Professionals_Teachers not elsewhere classified_Governesses
3_141_14130,Technicians and associate professionals_Ministers of religion and related members of religious orders_Missionaries,Occupation: Technicians and associate professionals_Ministers of religion and related members of religious orders_Missionaries
4_360_36020,Clerks_Transport conductors_Railway guards (UK) and railroad conductors (US/CAN),Occupation: Clerks_Transport conductors_Railway guards (UK) and railroad conductors (US/CAN)
9_971_97150,Elementary occupations_Dockers and freight handlers_Packers,Occupation: Elementary occupations_Dockers and freight handlers_Packers
5_510_51040,Service workers and shop and market sales_Working proprietors (catering and lodging services)_Boarding and lodging house keepers and managers,Occupation: Service workers and shop and market sales_Working proprietors (catering and lodging services)_Boarding and lodging house keepers and managers
7_873_87340,"Crafts and related trades workers_Sheetmetal workers_Tinsmith, tinner or tinker","Occupation: Crafts and related trades workers_Sheetmetal workers_Tinsmith, tinner or tinker"
1_219_22120,"Legislators, senior officials and managers_Managers not elsewhere classified_Superintendents and managers, manufacturing","Occupation: Legislators, senior officials and managers_Managers not elsewhere classified_Superintendents and managers, manufacturing"
2_110_11020,Professionals_Accountants_Auditors,Occupation: Professionals_Accountants_Auditors
8_851_85100,Plant and machine operators and assemblers_Electrical fitters_Electrical fitters and electrical equipment assemblers,Occupation: Plant and machine operators and assemblers_Electrical fitters_Electrical fitters and electrical equipment assemblers
4_380_38030,Clerks_Telephone and telegraph operators_Telegraph operator,Occupation: Clerks_Telephone and telegraph operators_Telegraph operator
5_441_44190,"Service workers and shop and market sales_Insurance, real estate and securities salesmen_Insurance, real estate and securities salesmen nec","Occupation: Service workers and shop and market sales_Insurance, real estate and securities salesmen_Insurance, real estate and securities salesmen nec"
5_540_54020,Service workers and shop and market sales_Maids and related housekeeping service workers not elsewhere classified_House servants nfs and maids,Occupation: Service workers and shop and market sales_Maids and related housekeeping service workers not elsewhere classified_House servants nfs and maids
7_756_75600,"Crafts and related trades workers_Bleachers, dyers and textile product finishers_Bleachers, dyer or textile product finisher","Occupation: Crafts and related trades workers_Bleachers, dyers and textile product finishers_Bleachers, dyer or textile product finisher"
5_540_54090,Service workers and shop and market sales_Maids and related housekeeping service workers not elsewhere classified_Other specified servants,Occupation: Service workers and shop and market sales_Maids and related housekeeping service workers not elsewhere classified_Other specified servants
1_219_22190,"Legislators, senior officials and managers_Managers not elsewhere classified_Superintendents and managers, nec","Occupation: Legislators, senior officials and managers_Managers not elsewhere classified_Superintendents and managers, nec"
2_72_7210,Professionals_Nursing personnel not elsewhere classified_Nurses nfs,Occupation: Professionals_Nursing personnel not elsewhere classified_Nurses nfs
5_581_58100,Service workers and shop and market sales_Firefighters_Firefighters,Occupation: Service workers and shop and market sales_Firefighters_Firefighters
8_734_73300,Plant and machine operators and assemblers_Paper makers_Papermill machine operators and paper makers,Occupation: Plant and machine operators and assemblers_Paper makers_Papermill machine operators and paper makers
7_949_94940,Crafts and related trades workers_Other production and related workers_Toy and doll makers,Occupation: Crafts and related trades workers_Other production and related workers_Toy and doll makers
3_141_14140,Technicians and associate professionals_Ministers of religion and related members of religious orders_Members of religious orders,Occupation: Technicians and associate professionals_Ministers of religion and related members of religious orders_Members of religious orders
7_776_77630,"Crafts and related trades workers_Bakers, pastrycooks and confectionery makers_Confectioners and pastry makers","Occupation: Crafts and related trades workers_Bakers, pastrycooks and confectionery makers_Confectioners and pastry makers"
3_163_16300,Technicians and associate professionals_Photographers and cameramen_Photographers,Occupation: Technicians and associate professionals_Photographers and cameramen_Photographers
9_971_97130,Elementary occupations_Dockers and freight handlers_Railway freight handlers,Occupation: Elementary occupations_Dockers and freight handlers_Railway freight handlers
3_73_7320,Technicians and associate professionals_Professional midwives_Midwives,Occupation: Technicians and associate professionals_Professional midwives_Midwives
5_432_43010,Service workers and shop and market sales_Commercial travellers and Manufacturers' agents_Agents nfs,Occupation: Service workers and shop and market sales_Commercial travellers and Manufacturers' agents_Agents nfs
5_510_51090,Service workers and shop and market sales_Working proprietors (catering and lodging services)_Other hospitality and entertainment keepers and managers,Occupation: Service workers and shop and market sales_Working proprietors (catering and lodging services)_Other hospitality and entertainment keepers and managers
5_540_54050,Service workers and shop and market sales_Maids and related housekeeping service workers not elsewhere classified_Companions,Occupation: Service workers and shop and market sales_Maids and related housekeeping service workers not elsewhere classified_Companions
2_132_13220,Professionals_Secondary education teachers_Teachers (secondary),Occupation: Professionals_Secondary education teachers_Teachers (secondary)
5_540_54040,Service workers and shop and market sales_Maids and related housekeeping service workers not elsewhere classified_Nursemaids,Occupation: Service workers and shop and market sales_Maids and related housekeeping service workers not elsewhere classified_Nursemaids
5_551_55100,Service workers and shop and market sales_Building caretakers_Caretakers and janitors,Occupation: Service workers and shop and market sales_Building caretakers_Caretakers and janitors
7_754_75400,Crafts and related trades workers_Weavers and related workers_Weavers,Occupation: Crafts and related trades workers_Weavers and related workers_Weavers
6_631_63130,Skilled agricultural and fishery workers_Loggers_River drivers,Occupation: Skilled agricultural and fishery workers_Loggers_River drivers
1_219_22150,"Legislators, senior officials and managers_Managers not elsewhere classified_Superintendents and managers, other transport and communications","Occupation: Legislators, senior officials and managers_Managers not elsewhere classified_Superintendents and managers, other transport and communications"
8_778_77880,"Plant and machine operators and assemblers_Brewers, wine and beverage makers_Bottlers","Occupation: Plant and machine operators and assemblers_Brewers, wine and beverage makers_Bottlers"
10_995_58420,Armed forces_Armed forces_Military officers,Occupation: Armed forces_Armed forces_Military officers
2_171_17120,"Professionals_Composers, musicians and singers_Musical performers and musicians nfs","Occupation: Professionals_Composers, musicians and singers_Musical performers and musicians nfs"
6_600_61400,"Skilled agricultural and fishery workers_Farm managers and supervisors_Farm managers, foremen and supervisors nfs","Occupation: Skilled agricultural and fishery workers_Farm managers and supervisors_Farm managers, foremen and supervisors nfs"
7_926_92600,Crafts and related trades workers_Bookbinders and related workers_Bookbinders and related workers,Occupation: Crafts and related trades workers_Bookbinders and related workers_Bookbinders and related workers
2_121_12110,Professionals_Lawyers_Lawyers,Occupation: Professionals_Lawyers_Lawyers
7_842_84220,"Crafts and related trades workers_Watch, clock and precision instrument makers_Watch and clock makers","Occupation: Crafts and related trades workers_Watch, clock and precision instrument makers_Watch and clock makers"
2_63_6200,Professionals_Dentists_Dentists,Occupation: Professionals_Dentists_Dentists
2_139_13210,Professionals_Teachers not elsewhere classified_Teachers (unspecified),Occupation: Professionals_Teachers not elsewhere classified_Teachers (unspecified)
2_61_6110,Professionals_Medical doctors_Medical doctors and physicians (UK: Medical doctors only),Occupation: Professionals_Medical doctors_Medical doctors and physicians (UK: Medical doctors only)
7_880_88030,Crafts and related trades workers_Jewellery and precious metal workers_Goldsmith,Occupation: Crafts and related trades workers_Jewellery and precious metal workers_Goldsmith
1_219_22140,"Legislators, senior officials and managers_Managers not elsewhere classified_Superintendents and managers, railways","Occupation: Legislators, senior officials and managers_Managers not elsewhere classified_Superintendents and managers, railways"
5_452_45220,"Service workers and shop and market sales_Street vendors, canvassers and newsvendors_Street sellers, pedlars and hawkers, non-food items","Occupation: Service workers and shop and market sales_Street vendors, canvassers and newsvendors_Street sellers, pedlars and hawkers, non-food items"
2_133_13230,Professionals_Primary education teachers_Teachers (primary),Occupation: Professionals_Primary education teachers_Teachers (primary)
4_310_31020,Clerks_Government executive officials_Tax collectors,Occupation: Clerks_Government executive officials_Tax collectors
5_589_58500,Service workers and shop and market sales_Protective service workers not elsewhere classified_Prison keepers and guards,Occupation: Service workers and shop and market sales_Protective service workers not elsewhere classified_Prison keepers and guards
6_632_63230,Skilled agricultural and fishery workers_Forestry workers (except logging)_Forestry workers,Occupation: Skilled agricultural and fishery workers_Forestry workers (except logging)_Forestry workers
9_990_99200,Elementary occupations_Labourers not elsewhere classified_Factory labourers (unspecified),Occupation: Elementary occupations_Labourers not elsewhere classified_Factory labourers (unspecified)
7_775_77500,"Crafts and related trades workers_Dairy product processers_Butter, cheese and dairy product makers","Occupation: Crafts and related trades workers_Dairy product processers_Butter, cheese and dairy product makers"
7_942_94220,Crafts and related trades workers_Basketry weavers and brush makers_Basket makers,Occupation: Crafts and related trades workers_Basketry weavers and brush makers_Basket makers
8_989_98900,Plant and machine operators and assemblers_Transport equipment operators not elsewhere classified_Other transport equipment operators,Occupation: Plant and machine operators and assemblers_Transport equipment operators not elsewhere classified_Other transport equipment operators
7_921_92120,Crafts and related trades workers_Compositors and typesetters_Compositors,Occupation: Crafts and related trades workers_Compositors and typesetters_Compositors
5_452_45240,"Service workers and shop and market sales_Street vendors, canvassers and newsvendors_Newsvendors","Occupation: Service workers and shop and market sales_Street vendors, canvassers and newsvendors_Newsvendors"
8_984_98440,"Plant and machine operators and assemblers_Railway brakemen, signalmen and shunters_Railway switchmen and shunters","Occupation: Plant and machine operators and assemblers_Railway brakemen, signalmen and shunters_Railway switchmen and shunters"
4_339_33140,"Clerks_Bookkeepers, cashiers and related workers not elsewhere classified_Bank clerks","Occupation: Clerks_Bookkeepers, cashiers and related workers not elsewhere classified_Bank clerks"
3_35_3240,Technicians and associate professionals_Mechanical engineering technicians_Mechanical engineering technicians,Occupation: Technicians and associate professionals_Mechanical engineering technicians_Mechanical engineering technicians
1_299_23140,"Legislators, senior officials and managers_Administrative and managerial, n.e.c._Foremen and supervisors, railways","Occupation: Legislators, senior officials and managers_Administrative and managerial, n.e.c._Foremen and supervisors, railways"
9_974_97430,"Elementary occupations_Earthmoving and related machinery operators_Railway builders, workers and labourers","Occupation: Elementary occupations_Earthmoving and related machinery operators_Railway builders, workers and labourers"
4_399_39600,"Clerks_Clerks not elsewhere classified_Railroad, railway clerk","Occupation: Clerks_Clerks not elsewhere classified_Railroad, railway clerk"
7_771_77100,Crafts and related trades workers_Grain millers and related workers_Millers and related workers,Occupation: Crafts and related trades workers_Grain millers and related workers_Millers and related workers
8_983_98330,Plant and machine operators and assemblers_Railway engine drivers and firemen_Railway/railroad firemen and stokers,Occupation: Plant and machine operators and assemblers_Railway engine drivers and firemen_Railway/railroad firemen and stokers
4_360_36010,"Clerks_Transport conductors_Conductors, nfs","Occupation: Clerks_Transport conductors_Conductors, nfs"
4_370_37090,"Clerks_Mail distribution clerks_Post office, mail, and message workers nec","Occupation: Clerks_Mail distribution clerks_Post office, mail, and message workers nec"
7_871_87120,Crafts and related trades workers_Plumbers and pipe fitters_Plumbers,Occupation: Crafts and related trades workers_Plumbers and pipe fitters_Plumbers
3_39_3210,Technicians and associate professionals_Engineering technicians not elsewhere classified_Technicians,Occupation: Technicians and associate professionals_Engineering technicians not elsewhere classified_Technicians
7_855_85500,Crafts and related trades workers_Electrical wiremen_Electricians and  wiremen,Occupation: Crafts and related trades workers_Electrical wiremen_Electricians and  wiremen
7_951_95150,"Crafts and related trades workers_Bricklayers, stonemasons and tile setters_Paviours","Occupation: Crafts and related trades workers_Bricklayers, stonemasons and tile setters_Paviours"
7_793_79390,Crafts and related trades workers_Milliners and hatmakers_Other hat makers,Occupation: Crafts and related trades workers_Milliners and hatmakers_Other hat makers
8_752_75200,"Plant and machine operators and assemblers_Spinners and winders_Spinners, doublers, twisters and winders","Occupation: Plant and machine operators and assemblers_Spinners and winders_Spinners, doublers, twisters and winders"
4_393_39340,Clerks_Correspondence and reporting clerks_Legal clerks,Occupation: Clerks_Correspondence and reporting clerks_Legal clerks
6_612_61290,Skilled agricultural and fishery workers_Specialised farmers_Other specialised farmers,Occupation: Skilled agricultural and fishery workers_Specialised farmers_Other specialised farmers
7_713_72000,"Crafts and related trades workers_Well drillers, borers and related workers_Metal workers, specialisation unknown","Occupation: Crafts and related trades workers_Well drillers, borers and related workers_Metal workers, specialisation unknown"
8_961_96100,Plant and machine operators and assemblers_Power generating machinery operators_Electricity generators,Occupation: Plant and machine operators and assemblers_Power generating machinery operators_Electricity generators
2_28_2800,Professionals_Industrial engineers_Industrial engineers,Occupation: Professionals_Industrial engineers_Industrial engineers
8_839_83540,"Plant and machine operators and assemblers_Blacksmiths, toolmakers and machinetool operators not elsewhere classified_Cutlers and cutting instrument makers","Occupation: Plant and machine operators and assemblers_Blacksmiths, toolmakers and machinetool operators not elsewhere classified_Cutlers and cutting instrument makers"
8_795_79530,Plant and machine operators and assemblers_Sewers and embroiderers_Sewers and sewing machine operators,Occupation: Plant and machine operators and assemblers_Sewers and embroiderers_Sewers and sewing machine operators
8_812_81230,Plant and machine operators and assemblers_Woodworking machine operators_Wood turners and handle makers,Occupation: Plant and machine operators and assemblers_Woodworking machine operators_Wood turners and handle makers
7_819_81500,"Crafts and related trades workers_Cabinetmakers and related woodworkers not elsewhere classified_Coopers, hoop makers and benders","Occupation: Crafts and related trades workers_Cabinetmakers and related woodworkers not elsewhere classified_Coopers, hoop makers and benders"
7_931_93120,"Crafts and related trades workers_Painters, construction_Painters, construction","Occupation: Crafts and related trades workers_Painters, construction_Painters, construction"
4_310_31090,"Clerks_Government executive officials_Government functionaries, nec","Occupation: Clerks_Government executive officials_Government functionaries, nec"
6_627_62710,Skilled agricultural and fishery workers_Nursery workers and gardeners_Gardeners nfs,Occupation: Skilled agricultural and fishery workers_Nursery workers and gardeners_Gardeners nfs
6_627_62711,Skilled agricultural and fishery workers_Nursery workers and gardeners_Gardener (domestic),Occupation: Skilled agricultural and fishery workers_Nursery workers and gardeners_Gardener (domestic)
7_773_77350,Crafts and related trades workers_Butchers and meat preparers_Sausage makers,Occupation: Crafts and related trades workers_Butchers and meat preparers_Sausage makers
2_141_14120,Professionals_Ministers of religion and related members of religious orders_Ministers of religion,Occupation: Professionals_Ministers of religion and related members of religious orders_Ministers of religion
8_985_98520,Plant and machine operators and assemblers_Motor vehicle drivers_Drivers (private),Occupation: Plant and machine operators and assemblers_Motor vehicle drivers_Drivers (private)
2_67_6400,Professionals_Pharmacists_Pharmacists,Occupation: Professionals_Pharmacists_Pharmacists
2_90_9000,Professionals_Economists_Economists,Occupation: Professionals_Economists_Economists
1_219_21230,"Legislators, senior officials and managers_Managers not elsewhere classified_Builders","Occupation: Legislators, senior officials and managers_Managers not elsewhere classified_Builders"
5_599_59940,Service workers and shop and market sales_Other service workers_Nursing aids and attendents,Occupation: Service workers and shop and market sales_Other service workers_Nursing aids and attendents
8_778_77870,"Plant and machine operators and assemblers_Brewers, wine and beverage makers_Makers of soft drinks","Occupation: Plant and machine operators and assemblers_Brewers, wine and beverage makers_Makers of soft drinks"
7_811_81120,Crafts and related trades workers_Cabinetmakers_Cabinet makers,Occupation: Crafts and related trades workers_Cabinetmakers_Cabinet makers
1_299_23170,"Legislators, senior officials and managers_Administrative and managerial, n.e.c._Foremen and supervisors, construction, except railway construction","Occupation: Legislators, senior officials and managers_Administrative and managerial, n.e.c._Foremen and supervisors, construction, except railway construction"
3_76_7600,Technicians and associate professionals_Physiotherapists and occupational therapists_Healers and therapists nec,Occupation: Technicians and associate professionals_Physiotherapists and occupational therapists_Healers and therapists nec
2_71_7110,Professionals_Professional nurses_Trained nurses,Occupation: Professionals_Professional nurses_Trained nurses
2_191_19100,"Professionals_Librarians, archivists and curators_Librarians, archivists and curators","Occupation: Professionals_Librarians, archivists and curators_Librarians, archivists and curators"
6_629_62930,"Skilled agricultural and fishery workers_Agricultural and animal husbandry workers not elsewhere classified_Other plant workers e.g., gathers of herbs etc.","Occupation: Skilled agricultural and fishery workers_Agricultural and animal husbandry workers not elsewhere classified_Other plant workers e.g., gathers of herbs etc."
7_793_79330,Crafts and related trades workers_Milliners and hatmakers_Hat makers,Occupation: Crafts and related trades workers_Milliners and hatmakers_Hat makers
8_749_74730,Plant and machine operators and assemblers_Chemical processers and related workers not elsewhere classified_Soap and perfume makers,Occupation: Plant and machine operators and assemblers_Chemical processers and related workers not elsewhere classified_Soap and perfume makers
7_819_81300,"Crafts and related trades workers_Cabinetmakers and related woodworkers not elsewhere classified_Coach, carriage and wagon makers","Occupation: Crafts and related trades workers_Cabinetmakers and related woodworkers not elsewhere classified_Coach, carriage and wagon makers"
7_761_76140,Crafts and related trades workers_Tanners and fellmongers_Leather curriers and finishers,Occupation: Crafts and related trades workers_Tanners and fellmongers_Leather curriers and finishers
4_310_31030,Clerks_Government executive officials_Tax assessors,Occupation: Clerks_Government executive officials_Tax assessors
6_631_63120,"Skilled agricultural and fishery workers_Loggers_Lumbermen, loggers and kindred workers","Occupation: Skilled agricultural and fishery workers_Loggers_Lumbermen, loggers and kindred workers"
1_201_20100,"Legislators, senior officials and managers_Legislative officials_Legislative officials and heads of government","Occupation: Legislators, senior officials and managers_Legislative officials_Legislative officials and heads of government"
7_893_89300,Crafts and related trades workers_Glass and ceramics kilnmen_Brick and tile makers,Occupation: Crafts and related trades workers_Glass and ceramics kilnmen_Brick and tile makers
7_873_87330,Crafts and related trades workers_Sheetmetal workers_Coppersmith or copperware maker,Occupation: Crafts and related trades workers_Sheetmetal workers_Coppersmith or copperware maker
5_490_49020,Service workers and shop and market sales_Sales workers not elsewhere classified_Pawnbrokers,Occupation: Service workers and shop and market sales_Sales workers not elsewhere classified_Pawnbrokers
2_65_6300,Professionals_Veterinarians_Veterinarians,Occupation: Professionals_Veterinarians_Veterinarians
7_839_83600,"Crafts and related trades workers_Blacksmiths, toolmakers and machinetool operators not elsewhere classified_Gunsmiths","Occupation: Crafts and related trades workers_Blacksmiths, toolmakers and machinetool operators not elsewhere classified_Gunsmiths"
7_939_93190,Crafts and related trades workers_Painters not elsewhere classified_Other specialised painters nec,Occupation: Crafts and related trades workers_Painters not elsewhere classified_Other specialised painters nec
5_599_59990,Service workers and shop and market sales_Other service workers_Other service workers nec,Occupation: Service workers and shop and market sales_Other service workers_Other service workers nec
1_299_23150,"Legislators, senior officials and managers_Administrative and managerial, n.e.c._Foremen and supervisors, other transport and communications","Occupation: Legislators, senior officials and managers_Administrative and managerial, n.e.c._Foremen and supervisors, other transport and communications"
7_711_71120,Crafts and related trades workers_Miners and quarrymen_Miners,Occupation: Crafts and related trades workers_Miners and quarrymen_Miners
5_490_49030,"Service workers and shop and market sales_Sales workers not elsewhere classified_Scrap and junk dealers, scavengers","Occupation: Service workers and shop and market sales_Sales workers not elsewhere classified_Scrap and junk dealers, scavengers"
7_761_76130,Crafts and related trades workers_Tanners and fellmongers_Tanners,Occupation: Crafts and related trades workers_Tanners and fellmongers_Tanners
7_951_95120,"Crafts and related trades workers_Bricklayers, stonemasons and tile setters_Bricklayers","Occupation: Crafts and related trades workers_Bricklayers, stonemasons and tile setters_Bricklayers"
8_781_78100,Plant and machine operators and assemblers_Tobacco preparers_Tobacco preparers and tobacco factory workers,Occupation: Plant and machine operators and assemblers_Tobacco preparers_Tobacco preparers and tobacco factory workers
8_749_74320,Plant and machine operators and assemblers_Chemical processers and related workers not elsewhere classified_Charcoal burners,Occupation: Plant and machine operators and assemblers_Chemical processers and related workers not elsewhere classified_Charcoal burners
8_773_77390,Plant and machine operators and assemblers_Butchers and meat preparers_Other workers in meat preparation,Occupation: Plant and machine operators and assemblers_Butchers and meat preparers_Other workers in meat preparation
7_799_79940,"Crafts and related trades workers_Tailors, dressmakers, sewers, upholsterers and related workers not elsewhere classified_Artificial flower makers","Occupation: Crafts and related trades workers_Tailors, dressmakers, sewers, upholsterers and related workers not elsewhere classified_Artificial flower makers"
6_627_62720,Skilled agricultural and fishery workers_Nursery workers and gardeners_Market garden labourers,Occupation: Skilled agricultural and fishery workers_Nursery workers and gardeners_Market garden labourers
8_777_77700,"Plant and machine operators and assemblers_Tea, coffee and cocoa preparers_Tea, coffee and cocoa preparers","Occupation: Plant and machine operators and assemblers_Tea, coffee and cocoa preparers_Tea, coffee and cocoa preparers"
7_819_81600,Crafts and related trades workers_Cabinetmakers and related woodworkers not elsewhere classified_Clog makers,Occupation: Crafts and related trades workers_Cabinetmakers and related woodworkers not elsewhere classified_Clog makers
7_819_81400,Crafts and related trades workers_Cabinetmakers and related woodworkers not elsewhere classified_Wheelwrights and cartwrights,Occupation: Crafts and related trades workers_Cabinetmakers and related woodworkers not elsewhere classified_Wheelwrights and cartwrights
7_756_75700,"Crafts and related trades workers_Bleachers, dyers and textile product finishers_Rope makers","Occupation: Crafts and related trades workers_Bleachers, dyers and textile product finishers_Rope makers"
6_624_62410,"Skilled agricultural and fishery workers_Livestock workers_Livestock workers, general or nfs","Occupation: Skilled agricultural and fishery workers_Livestock workers_Livestock workers, general or nfs"
1_219_21160,"Legislators, senior officials and managers_Managers not elsewhere classified_Proprietor, other transport and communications","Occupation: Legislators, senior officials and managers_Managers not elsewhere classified_Proprietor, other transport and communications"
7_949_94240,Crafts and related trades workers_Other production and related workers_Broom makers,Occupation: Crafts and related trades workers_Other production and related workers_Broom makers
8_749_74330,Plant and machine operators and assemblers_Chemical processers and related workers not elsewhere classified_Coal gas makers,Occupation: Plant and machine operators and assemblers_Chemical processers and related workers not elsewhere classified_Coal gas makers
3_42_4240,Technicians and associate professionals_Ships' deck officers and pilots_Ship's masters and captains (inland waterways),Occupation: Technicians and associate professionals_Ships' deck officers and pilots_Ship's masters and captains (inland waterways)
7_812_81210,Crafts and related trades workers_Woodworking machine operators_Woodworkers,Occupation: Crafts and related trades workers_Woodworking machine operators_Woodworkers
8_812_81220,"Plant and machine operators and assemblers_Woodworking machine operators_Sawyers, woodworking","Occupation: Plant and machine operators and assemblers_Woodworking machine operators_Sawyers, woodworking"
7_722_72200,Crafts and related trades workers_Metal rollingmill workers_Metal rollers,Occupation: Crafts and related trades workers_Metal rollingmill workers_Metal rollers
8_839_83530,"Plant and machine operators and assemblers_Blacksmiths, toolmakers and machinetool operators not elsewhere classified_Metal grinders and sharpeners","Occupation: Plant and machine operators and assemblers_Blacksmiths, toolmakers and machinetool operators not elsewhere classified_Metal grinders and sharpeners"
7_725_72500,Crafts and related trades workers_Metal moulders and coremakers_Metal moulders and coremakers,Occupation: Crafts and related trades workers_Metal moulders and coremakers_Metal moulders and coremakers
8_749_74990,Plant and machine operators and assemblers_Chemical processers and related workers not elsewhere classified_Specified chemical workers nec,Occupation: Plant and machine operators and assemblers_Chemical processers and related workers not elsewhere classified_Specified chemical workers nec
7_839_83840,"Crafts and related trades workers_Blacksmiths, toolmakers and machinetool operators not elsewhere classified_Chain makers","Occupation: Crafts and related trades workers_Blacksmiths, toolmakers and machinetool operators not elsewhere classified_Chain makers"
7_839_83850,"Crafts and related trades workers_Blacksmiths, toolmakers and machinetool operators not elsewhere classified_Nailer and nail makers","Occupation: Crafts and related trades workers_Blacksmiths, toolmakers and machinetool operators not elsewhere classified_Nailer and nail makers"
7_721_72100,"Crafts and related trades workers_Metal smelting, converting and refining furnacemen_Metal smelter and furnacemen","Occupation: Crafts and related trades workers_Metal smelting, converting and refining furnacemen_Metal smelter and furnacemen"
7_831_83130,"Crafts and related trades workers_Blacksmiths, hammersmiths and forgingpress operators_Hammersmiths","Occupation: Crafts and related trades workers_Blacksmiths, hammersmiths and forgingpress operators_Hammersmiths"
7_856_85600,Crafts and related trades workers_Telephone and telegraph installers_Telephone and telegraph installers,Occupation: Crafts and related trades workers_Telephone and telegraph installers_Telephone and telegraph installers
8_833_83320,Plant and machine operators and assemblers_Machinetool setteroperators_Metal turners,Occupation: Plant and machine operators and assemblers_Machinetool setteroperators_Metal turners
5_552_55250,"Service workers and shop and market sales_Charworkers, cleaners and related workers_Refuse collectors and removers","Occupation: Service workers and shop and market sales_Charworkers, cleaners and related workers_Refuse collectors and removers"
7_891_89120,"Crafts and related trades workers_Glass formers, cutters, grinders and finishers_Glass makers","Occupation: Crafts and related trades workers_Glass formers, cutters, grinders and finishers_Glass makers"
7_832_83230,"Crafts and related trades workers_Toolmakers, metal patternmakers and metal markers_Pattern makers nfs and nec","Occupation: Crafts and related trades workers_Toolmakers, metal patternmakers and metal markers_Pattern makers nfs and nec"
8_959_95990,Plant and machine operators and assemblers_Construction workers not elsewhere classified_Others in building construction,Occupation: Plant and machine operators and assemblers_Construction workers not elsewhere classified_Others in building construction
8_981_98130,"Plant and machine operators and assemblers_Ships' deck ratings, barge crews and boatmen_Boatmen and canalmen","Occupation: Plant and machine operators and assemblers_Ships' deck ratings, barge crews and boatmen_Boatmen and canalmen"
9_974_97410,"Elementary occupations_Earthmoving and related machinery operators_Navvy, excavator and diggers, nfs","Occupation: Elementary occupations_Earthmoving and related machinery operators_Navvy, excavator and diggers, nfs"
1_299_23160,"Legislators, senior officials and managers_Administrative and managerial, n.e.c._Foremen and supervisors, public utilities","Occupation: Legislators, senior officials and managers_Administrative and managerial, n.e.c._Foremen and supervisors, public utilities"
4_393_39320,Clerks_Correspondence and reporting clerks_Correspondence clerks,Occupation: Clerks_Correspondence and reporting clerks_Correspondence clerks
6_624_62460,Skilled agricultural and fishery workers_Livestock workers_Horse workers,Occupation: Skilled agricultural and fishery workers_Livestock workers_Horse workers
2_21_2100,Professionals_Architects and town planners_Architects,Occupation: Professionals_Architects and town planners_Architects
6_632_63290,Skilled agricultural and fishery workers_Forestry workers (except logging)_Other forestry workers,Occupation: Skilled agricultural and fishery workers_Forestry workers (except logging)_Other forestry workers
3_34_3230,Technicians and associate professionals_Electrical and electronics engineering technicians_Electrical engineering technicians,Occupation: Technicians and associate professionals_Electrical and electronics engineering technicians_Electrical engineering technicians
2_14_2000,"Professionals_Physical science technicians_Professional engineers, specialisation unknown","Occupation: Professionals_Physical science technicians_Professional engineers, specialisation unknown"
4_391_39000,"Clerks_Stock clerks_Clerk, nfs","Occupation: Clerks_Stock clerks_Clerk, nfs"
8_984_98420,"Plant and machine operators and assemblers_Railway brakemen, signalmen and shunters_Railway brakemen","Occupation: Plant and machine operators and assemblers_Railway brakemen, signalmen and shunters_Railway brakemen"
7_939_93200,Crafts and related trades workers_Painters not elsewhere classified_Decorators,Occupation: Crafts and related trades workers_Painters not elsewhere classified_Decorators
4_310_31050,Clerks_Government executive officials_Postmasters or postmistresses,Occupation: Clerks_Government executive officials_Postmasters or postmistresses
7_959_95920,Crafts and related trades workers_Construction workers not elsewhere classified_Paperhangers,Occupation: Crafts and related trades workers_Construction workers not elsewhere classified_Paperhangers
7_776_77640,"Crafts and related trades workers_Bakers, pastrycooks and confectionery makers_Candy makers","Occupation: Crafts and related trades workers_Bakers, pastrycooks and confectionery makers_Candy makers"
8_899_89620,"Plant and machine operators and assemblers_Glass formers, potters and related workers not elsewhere classified_Cement makers","Occupation: Plant and machine operators and assemblers_Glass formers, potters and related workers not elsewhere classified_Cement makers"
8_749_74000,"Plant and machine operators and assemblers_Chemical processers and related workers not elsewhere classified_Chemical workers, product nfs","Occupation: Plant and machine operators and assemblers_Chemical processers and related workers not elsewhere classified_Chemical workers, product nfs"
4_370_37030,"Clerks_Mail distribution clerks_Mail carriers, aka postmen (UK)","Occupation: Clerks_Mail distribution clerks_Mail carriers, aka postmen (UK)"
7_724_72400,Crafts and related trades workers_Metal casters_Metal casters and workers in metal casting plants,Occupation: Crafts and related trades workers_Metal casters_Metal casters and workers in metal casting plants
7_872_87290,"Crafts and related trades workers_Welders and flamecutters_Other welders, braziers, solderers","Occupation: Crafts and related trades workers_Welders and flamecutters_Other welders, braziers, solderers"
1_212_21120,"Legislators, senior officials and managers_Production managers (except farm)_Manufacturers nfs","Occupation: Legislators, senior officials and managers_Production managers (except farm)_Manufacturers nfs"
7_873_87320,"Crafts and related trades workers_Sheetmetal workers_Sheet metal worker, general","Occupation: Crafts and related trades workers_Sheetmetal workers_Sheet metal worker, general"
7_952_95200,"Crafts and related trades workers_Reinforced concreters, cement finishers and terrazzo workers_Cement masons and finishers","Occupation: Crafts and related trades workers_Reinforced concreters, cement finishers and terrazzo workers_Cement masons and finishers"
8_973_97300,Plant and machine operators and assemblers_Crane and hoist operators_Crane and hoist operators,Occupation: Plant and machine operators and assemblers_Crane and hoist operators_Crane and hoist operators
8_749_74740,"Plant and machine operators and assemblers_Chemical processers and related workers not elsewhere classified_Glue, size and gelatine makers","Occupation: Plant and machine operators and assemblers_Chemical processers and related workers not elsewhere classified_Glue, size and gelatine makers"
5_441_44140,"Service workers and shop and market sales_Insurance, real estate and securities salesmen_Brokers","Occupation: Service workers and shop and market sales_Insurance, real estate and securities salesmen_Brokers"
4_310_31060,Clerks_Government executive officials_Clerks of court and other court clerks,Occupation: Clerks_Government executive officials_Clerks of court and other court clerks
1_300_24100,"Legislators, senior officials and managers_Clerical supervisors_Inspectors of manufactories, companies etc.","Occupation: Legislators, senior officials and managers_Clerical supervisors_Inspectors of manufactories, companies etc."
4_393_39350,Clerks_Correspondence and reporting clerks_Insurance clerks,Occupation: Clerks_Correspondence and reporting clerks_Insurance clerks
2_173_17300,Professionals_Actors and stage directors_Actors and related workers,Occupation: Professionals_Actors and stage directors_Actors and related workers
5_532_53290,"Service workers and shop and market sales_Waiters, bartenders and related workers_Other food and drink service workers","Occupation: Service workers and shop and market sales_Waiters, bartenders and related workers_Other food and drink service workers"
7_957_95700,Crafts and related trades workers_Glaziers_Glaziers,Occupation: Crafts and related trades workers_Glaziers_Glaziers
2_24_2450,Professionals_Mechanical engineers_Ship construction engineers,Occupation: Professionals_Mechanical engineers_Ship construction engineers
7_872_87220,Crafts and related trades workers_Welders and flamecutters_Welders,Occupation: Crafts and related trades workers_Welders and flamecutters_Welders
5_432_43090,Service workers and shop and market sales_Commercial travellers and Manufacturers' agents_Other specialized agents,Occupation: Service workers and shop and market sales_Commercial travellers and Manufacturers' agents_Other specialized agents
4_360_36090,"Clerks_Transport conductors_Transport conductors, nec","Occupation: Clerks_Transport conductors_Transport conductors, nec"
8_835_83520,"Plant and machine operators and assemblers_Metal grinders, polishers and tool sharpeners_Metal polishers and finishers","Occupation: Plant and machine operators and assemblers_Metal grinders, polishers and tool sharpeners_Metal polishers and finishers"
5_452_45250,"Service workers and shop and market sales_Street vendors, canvassers and newsvendors_Canvassers","Occupation: Service workers and shop and market sales_Street vendors, canvassers and newsvendors_Canvassers"
7_874_87430,Crafts and related trades workers_Structural metal preparers and erectors_Rivetters nec,Occupation: Crafts and related trades workers_Structural metal preparers and erectors_Rivetters nec
1_299_23130,"Legislators, senior officials and managers_Administrative and managerial, n.e.c._Foremen and supervisors, mining","Occupation: Legislators, senior officials and managers_Administrative and managerial, n.e.c._Foremen and supervisors, mining"
5_570_57040,"Service workers and shop and market sales_Hairdressers, barbers, beauticians and related workers_Bath attendants","Occupation: Service workers and shop and market sales_Hairdressers, barbers, beauticians and related workers_Bath attendants"
5_441_44120,"Service workers and shop and market sales_Insurance, real estate and securities salesmen_Insurance salesmen and agents","Occupation: Service workers and shop and market sales_Insurance, real estate and securities salesmen_Insurance salesmen and agents"
2_23_2300,Professionals_Electrical and electronics engineers_Electrical engineers,Occupation: Professionals_Electrical and electronics engineers_Electrical engineers
2_161_16130,"Professionals_Sculptors, painters and related artists_Artistic painters","Occupation: Professionals_Sculptors, painters and related artists_Artistic painters"
5_540_54030,Service workers and shop and market sales_Maids and related housekeeping service workers not elsewhere classified_Personal servants and valets,Occupation: Service workers and shop and market sales_Maids and related housekeeping service workers not elsewhere classified_Personal servants and valets
7_841_84150,Crafts and related trades workers_Machinery fitters and machine assemblers_Sewing machine makers and builders,Occupation: Crafts and related trades workers_Machinery fitters and machine assemblers_Sewing machine makers and builders
7_819_81990,Crafts and related trades workers_Cabinetmakers and related woodworkers not elsewhere classified_Other makers of wooden products,Occupation: Crafts and related trades workers_Cabinetmakers and related woodworkers not elsewhere classified_Other makers of wooden products
9_990_99300,Elementary occupations_Labourers not elsewhere classified_Occupational title unclassifiable,Occupation: Elementary occupations_Labourers not elsewhere classified_Occupational title unclassifiable
3_74_7330,Technicians and associate professionals_Midwifery personnel not elsewhere classified_Monthly nurses,Occupation: Technicians and associate professionals_Midwifery personnel not elsewhere classified_Monthly nurses
4_399_39730,"Clerks_Clerks not elsewhere classified_Timekeepers, factory","Occupation: Clerks_Clerks not elsewhere classified_Timekeepers, factory"
2_24_2410,"Professionals_Mechanical engineers_Mechanical engineers, general or nfs","Occupation: Professionals_Mechanical engineers_Mechanical engineers, general or nfs"
2_11_1100,Professionals_Chemists_Chemists,Occupation: Professionals_Chemists_Chemists
5_510_51050,"Service workers and shop and market sales_Working proprietors (catering and lodging services)_Pub, saloon, tavern and coffee house keepers","Occupation: Service workers and shop and market sales_Working proprietors (catering and lodging services)_Pub, saloon, tavern and coffee house keepers"
9_974_97490,"Elementary occupations_Earthmoving and related machinery operators_Other road, railway and related construction labourers","Occupation: Elementary occupations_Earthmoving and related machinery operators_Other road, railway and related construction labourers"
2_135_13250,Professionals_Special education teachers_Teachers (of the disabled),Occupation: Professionals_Special education teachers_Teachers (of the disabled)
8_778_77860,"Plant and machine operators and assemblers_Brewers, wine and beverage makers_Distillers","Occupation: Plant and machine operators and assemblers_Brewers, wine and beverage makers_Distillers"
6_625_62500,Skilled agricultural and fishery workers_Dairy farm workers_Farm workers (dairy),Occupation: Skilled agricultural and fishery workers_Dairy farm workers_Farm workers (dairy)
6_624_62420,"Skilled agricultural and fishery workers_Livestock workers_Cattle workers, except specified dairy","Occupation: Skilled agricultural and fishery workers_Livestock workers_Cattle workers, except specified dairy"
8_774_77400,Plant and machine operators and assemblers_Food preservers_Cannery workers and other food preservers,Occupation: Plant and machine operators and assemblers_Food preservers_Cannery workers and other food preservers
7_711_71190,Crafts and related trades workers_Miners and quarrymen_Others working in mines and quarries,Occupation: Crafts and related trades workers_Miners and quarrymen_Others working in mines and quarries
3_62_6500,Technicians and associate professionals_Medical assistants_Medical and related assistants,Occupation: Technicians and associate professionals_Medical assistants_Medical and related assistants
8_779_77990,Plant and machine operators and assemblers_Food and beverage processers not elsewhere classified_Other food and beverage processors,Occupation: Plant and machine operators and assemblers_Food and beverage processers not elsewhere classified_Other food and beverage processors
7_811_81130,Crafts and related trades workers_Cabinetmakers_Chair makers,Occupation: Crafts and related trades workers_Cabinetmakers_Chair makers
1_212_21142,"Legislators, senior officials and managers_Production managers (except farm)_Executive officers of extractive industry","Occupation: Legislators, senior officials and managers_Production managers (except farm)_Executive officers of extractive industry"
7_922_92200,Crafts and related trades workers_Printing pressmen_Lithographic printers,Occupation: Crafts and related trades workers_Printing pressmen_Lithographic printers
2_159_15220,"Professionals_Authors, journalists and related writers not elsewhere classified_Editors","Occupation: Professionals_Authors, journalists and related writers not elsewhere classified_Editors"
6_612_61240,Skilled agricultural and fishery workers_Specialised farmers_Market gardeners,Occupation: Skilled agricultural and fishery workers_Specialised farmers_Market gardeners
8_745_74500,Plant and machine operators and assemblers_Petroleum refining workers_Oil mill workers,Occupation: Plant and machine operators and assemblers_Petroleum refining workers_Oil mill workers
8_778_77830,"Plant and machine operators and assemblers_Brewers, wine and beverage makers_Maltsters","Occupation: Plant and machine operators and assemblers_Brewers, wine and beverage makers_Maltsters"
7_799_79400,"Crafts and related trades workers_Tailors, dressmakers, sewers, upholsterers and related workers not elsewhere classified_Glove makers and related workers","Occupation: Crafts and related trades workers_Tailors, dressmakers, sewers, upholsterers and related workers not elsewhere classified_Glove makers and related workers"
7_819_81720,Crafts and related trades workers_Cabinetmakers and related woodworkers not elsewhere classified_Wooden box makers,Occupation: Crafts and related trades workers_Cabinetmakers and related woodworkers not elsewhere classified_Wooden box makers
8_989_98730,Plant and machine operators and assemblers_Transport equipment operators not elsewhere classified_Gate keepers,Occupation: Plant and machine operators and assemblers_Transport equipment operators not elsewhere classified_Gate keepers
6_612_61280,Skilled agricultural and fishery workers_Specialised farmers_Poultry farmers,Occupation: Skilled agricultural and fishery workers_Specialised farmers_Poultry farmers
7_773_77360,Crafts and related trades workers_Butchers and meat preparers_Fish butchers,Occupation: Crafts and related trades workers_Butchers and meat preparers_Fish butchers
3_79_7990,"Technicians and associate professionals_Medical, dental, veterinary and related workers not elsewhere classified_Other medical, dental, veterinary and related workers","Occupation: Technicians and associate professionals_Medical, dental, veterinary and related workers not elsewhere classified_Other medical, dental, veterinary and related workers"
2_159_15230,"Professionals_Authors, journalists and related writers not elsewhere classified_Journalists, reporters and correspondents","Occupation: Professionals_Authors, journalists and related writers not elsewhere classified_Journalists, reporters and correspondents"
8_969_96230,Plant and machine operators and assemblers_Stationary engine and related equipment operators not elsewhere classified_Stationary engineers and engine men,Occupation: Plant and machine operators and assemblers_Stationary engine and related equipment operators not elsewhere classified_Stationary engineers and engine men
6_612_61330,Skilled agricultural and fishery workers_Specialised farmers_Cottar and fisherman,Occupation: Skilled agricultural and fishery workers_Specialised farmers_Cottar and fisherman
7_872_87230,Crafts and related trades workers_Welders and flamecutters_Braziers,Occupation: Crafts and related trades workers_Welders and flamecutters_Braziers
7_759_75920,"Crafts and related trades workers_Spinners, weavers, knitters, dyers and related workers not elsewhere classified_Net maker","Occupation: Crafts and related trades workers_Spinners, weavers, knitters, dyers and related workers not elsewhere classified_Net maker"
7_857_85700,"Crafts and related trades workers_Electric linemen and cable jointers_Linesmen: telephone, telegraph and electric","Occupation: Crafts and related trades workers_Electric linemen and cable jointers_Linesmen: telephone, telegraph and electric"
3_75_7500,Technicians and associate professionals_Optometrists and opticians_Opticians and optometrists,Occupation: Technicians and associate professionals_Optometrists and opticians_Opticians and optometrists
8_989_98720,Plant and machine operators and assemblers_Transport equipment operators not elsewhere classified_Lock keepers,Occupation: Plant and machine operators and assemblers_Transport equipment operators not elsewhere classified_Lock keepers
5_520_52090,Service workers and shop and market sales_Housekeeping and related service supervisors_Other housekeeping service supervisors,Occupation: Service workers and shop and market sales_Housekeeping and related service supervisors_Other housekeeping service supervisors
7_839_83890,"Crafts and related trades workers_Blacksmiths, toolmakers and machinetool operators not elsewhere classified_Other metal workers nec","Occupation: Crafts and related trades workers_Blacksmiths, toolmakers and machinetool operators not elsewhere classified_Other metal workers nec"
4_360_36040,"Clerks_Transport conductors_Bus, tram or streetcar conductors","Occupation: Clerks_Transport conductors_Bus, tram or streetcar conductors"
7_711_71130,Crafts and related trades workers_Miners and quarrymen_Quarrymen,Occupation: Crafts and related trades workers_Miners and quarrymen_Quarrymen
9_974_97440,"Elementary occupations_Earthmoving and related machinery operators_Waterway and harbour builders, workers and labourers","Occupation: Elementary occupations_Earthmoving and related machinery operators_Waterway and harbour builders, workers and labourers"
7_842_84290,"Crafts and related trades workers_Watch, clock and precision instrument makers_Other specialized instrument makers (not musical instrument makers)","Occupation: Crafts and related trades workers_Watch, clock and precision instrument makers_Other specialized instrument makers (not musical instrument makers)"
1_219_21190,"Legislators, senior officials and managers_Managers not elsewhere classified_Other owners of large scale productive enterprises","Occupation: Legislators, senior officials and managers_Managers not elsewhere classified_Other owners of large scale productive enterprises"
2_161_16190,"Professionals_Sculptors, painters and related artists_Other specified creative artists","Occupation: Professionals_Sculptors, painters and related artists_Other specified creative artists"
1_202_20200,"Legislators, senior officials and managers_Government administrators_Government administrators","Occupation: Legislators, senior officials and managers_Government administrators_Government administrators"
7_949_94230,Crafts and related trades workers_Other production and related workers_Brush makers,Occupation: Crafts and related trades workers_Other production and related workers_Brush makers
7_819_81920,Crafts and related trades workers_Cabinetmakers and related woodworkers not elsewhere classified_Wooden tool makers,Occupation: Crafts and related trades workers_Cabinetmakers and related woodworkers not elsewhere classified_Wooden tool makers
8_812_81240,Plant and machine operators and assemblers_Woodworking machine operators_Wood planers,Occupation: Plant and machine operators and assemblers_Woodworking machine operators_Wood planers
1_212_21140,"Legislators, senior officials and managers_Production managers (except farm)_Proprietor, mining, quarrying, oil and natural gas extraction","Occupation: Legislators, senior officials and managers_Production managers (except farm)_Proprietor, mining, quarrying, oil and natural gas extraction"
3_32_3100,Technicians and associate professionals_Draughtsmen_Draughtsmen,Occupation: Technicians and associate professionals_Draughtsmen_Draughtsmen
1_212_21132,"Legislators, senior officials and managers_Production managers (except farm)_Executive officers of specified manufacturing concerns","Occupation: Legislators, senior officials and managers_Production managers (except farm)_Executive officers of specified manufacturing concerns"
4_321_32000,"Clerks_Stenographers, typists and teletypists_Typists, stenographers and secretaries","Occupation: Clerks_Stenographers, typists and teletypists_Typists, stenographers and secretaries"
5_552_55290,"Service workers and shop and market sales_Charworkers, cleaners and related workers_Other charworkers, cleaners and related workers","Occupation: Service workers and shop and market sales_Charworkers, cleaners and related workers_Other charworkers, cleaners and related workers"
2_134_13240,Professionals_Preprimary education teachers_Teachers (pre-primary),Occupation: Professionals_Preprimary education teachers_Teachers (pre-primary)
7_795_79540,Crafts and related trades workers_Sewers and embroiderers_Embroiderers,Occupation: Crafts and related trades workers_Sewers and embroiderers_Embroiderers
6_624_62440,Skilled agricultural and fishery workers_Livestock workers_Pig workers,Occupation: Skilled agricultural and fishery workers_Livestock workers_Pig workers
2_27_2700,Professionals_Mining engineers_Mining engineers,Occupation: Professionals_Mining engineers_Mining engineers
6_612_61260,Skilled agricultural and fishery workers_Specialised farmers_Livestock farmers,Occupation: Skilled agricultural and fishery workers_Specialised farmers_Livestock farmers
6_626_62600,Skilled agricultural and fishery workers_Poultry farm workers_Farm workers (poultry),Occupation: Skilled agricultural and fishery workers_Poultry farm workers_Farm workers (poultry)
7_895_89500,Crafts and related trades workers_Glass and ceramics painters and decorators_Pottery and porcelain painters,Occupation: Crafts and related trades workers_Glass and ceramics painters and decorators_Pottery and porcelain painters
7_831_83150,"Crafts and related trades workers_Blacksmiths, hammersmiths and forgingpress operators_Farriers or horseshoers","Occupation: Crafts and related trades workers_Blacksmiths, hammersmiths and forgingpress operators_Farriers or horseshoers"
5_422_42000,Service workers and shop and market sales_Buyers_Buyers,Occupation: Service workers and shop and market sales_Buyers_Buyers
6_649_64950,"Skilled agricultural and fishery workers_Fishermen, hunters and related workers not elsewhere classified_Whale or seal hunters","Occupation: Skilled agricultural and fishery workers_Fishermen, hunters and related workers not elsewhere classified_Whale or seal hunters"
6_649_64940,"Skilled agricultural and fishery workers_Fishermen, hunters and related workers not elsewhere classified_Whale hunters","Occupation: Skilled agricultural and fishery workers_Fishermen, hunters and related workers not elsewhere classified_Whale hunters"
6_649_64960,"Skilled agricultural and fishery workers_Fishermen, hunters and related workers not elsewhere classified_Seal hunters","Occupation: Skilled agricultural and fishery workers_Fishermen, hunters and related workers not elsewhere classified_Seal hunters"
8_899_89630,"Plant and machine operators and assemblers_Glass formers, potters and related workers not elsewhere classified_Lime burners","Occupation: Plant and machine operators and assemblers_Glass formers, potters and related workers not elsewhere classified_Lime burners"
7_951_95140,"Crafts and related trades workers_Bricklayers, stonemasons and tile setters_Plasterers","Occupation: Crafts and related trades workers_Bricklayers, stonemasons and tile setters_Plasterers"
6_612_61250,Skilled agricultural and fishery workers_Specialised farmers_Nurserymen and florists,Occupation: Skilled agricultural and fishery workers_Specialised farmers_Nurserymen and florists
8_812_81250,Plant and machine operators and assemblers_Woodworking machine operators_Wood carvers,Occupation: Plant and machine operators and assemblers_Woodworking machine operators_Wood carvers
1_299_23190,"Legislators, senior officials and managers_Administrative and managerial, n.e.c._Foremen and supervisors, nec","Occupation: Legislators, senior officials and managers_Administrative and managerial, n.e.c._Foremen and supervisors, nec"
7_892_89200,Crafts and related trades workers_Potters and related clay and abrasive formers_Pottery and porcelain makers and workers,Occupation: Crafts and related trades workers_Potters and related clay and abrasive formers_Pottery and porcelain makers and workers
2_151_15100,Professionals_Authors and critics_Authors,Occupation: Professionals_Authors and critics_Authors
5_443_44320,Service workers and shop and market sales_Auctioneers_Auctioneers,Occupation: Service workers and shop and market sales_Auctioneers_Auctioneers
6_628_62800,Skilled agricultural and fishery workers_Farm machinery operators_Farm machinery operators,Occupation: Skilled agricultural and fishery workers_Farm machinery operators_Farm machinery operators
7_849_84300,"Crafts and related trades workers_Machinery fitters, machine assemblers and precision instrument makers (except electrical) not elsewhere classified_Bicycle makers","Occupation: Crafts and related trades workers_Machinery fitters, machine assemblers and precision instrument makers (except electrical) not elsewhere classified_Bicycle makers"
2_139_13990,Professionals_Teachers not elsewhere classified_Other teaching personnel,Occupation: Professionals_Teachers not elsewhere classified_Other teaching personnel
7_819_81930,Crafts and related trades workers_Cabinetmakers and related woodworkers not elsewhere classified_Ski makers,Occupation: Crafts and related trades workers_Cabinetmakers and related woodworkers not elsewhere classified_Ski makers
7_782_78200,Crafts and related trades workers_Cigar makers_Cigar makers,Occupation: Crafts and related trades workers_Cigar makers_Cigar makers
6_632_63220,Skilled agricultural and fishery workers_Forestry workers (except logging)_Foresters and wood wardens,Occupation: Skilled agricultural and fishery workers_Forestry workers (except logging)_Foresters and wood wardens
2_131_13100,Professionals_University and higher education teachers_Teachers in higher education,Occupation: Professionals_University and higher education teachers_Teachers in higher education
1_219_21182,"Legislators, senior officials and managers_Managers not elsewhere classified_Executive officer finance company","Occupation: Legislators, senior officials and managers_Managers not elsewhere classified_Executive officer finance company"
4_395_39500,Clerks_Library and filing clerks_Library and filing clerks,Occupation: Clerks_Library and filing clerks_Library and filing clerks
7_839_83830,"Crafts and related trades workers_Blacksmiths, toolmakers and machinetool operators not elsewhere classified_Saw, spade, shovel and half wood/half metal agricultural instrument type things","Occupation: Crafts and related trades workers_Blacksmiths, toolmakers and machinetool operators not elsewhere classified_Saw, spade, shovel and half wood/half metal agricultural instrument type things"
7_832_83290,"Crafts and related trades workers_Toolmakers, metal patternmakers and metal markers_Other tool makers and metal markers","Occupation: Crafts and related trades workers_Toolmakers, metal patternmakers and metal markers_Other tool makers and metal markers"
2_25_2500,Professionals_Chemical engineers_Chemical engineers,Occupation: Professionals_Chemical engineers_Chemical engineers
2_24_2460,"Professionals_Mechanical engineers_Heating, ventilation and refrigeration engineers","Occupation: Professionals_Mechanical engineers_Heating, ventilation and refrigeration engineers"
2_172_17200,Professionals_Choreographers and dancers_Dancers and dancing teachers,Occupation: Professionals_Choreographers and dancers_Dancers and dancing teachers
2_192_19200,"Professionals_Sociologists, anthropologists and related scientists_Social scientists and historians","Occupation: Professionals_Sociologists, anthropologists and related scientists_Social scientists and historians"
1_219_22170,"Legislators, senior officials and managers_Managers not elsewhere classified_Superintendents and managers, construction, except railway construction","Occupation: Legislators, senior officials and managers_Managers not elsewhere classified_Superintendents and managers, construction, except railway construction"
5_441_44130,"Service workers and shop and market sales_Insurance, real estate and securities salesmen_Real estate agents","Occupation: Service workers and shop and market sales_Insurance, real estate and securities salesmen_Real estate agents"
8_985_98540,Plant and machine operators and assemblers_Motor vehicle drivers_Drivers (public),Occupation: Plant and machine operators and assemblers_Motor vehicle drivers_Drivers (public)
2_195_19500,"Professionals_Philologists, translators and interpreters_Interpreters, translators and philologists","Occupation: Professionals_Philologists, translators and interpreters_Interpreters, translators and philologists"
7_841_84140,Crafts and related trades workers_Machinery fitters and machine assemblers_Engine and locomotive builders,Occupation: Crafts and related trades workers_Machinery fitters and machine assemblers_Engine and locomotive builders
5_540_54060,Service workers and shop and market sales_Maids and related housekeeping service workers not elsewhere classified_Chambermaids and room attendants,Occupation: Service workers and shop and market sales_Maids and related housekeeping service workers not elsewhere classified_Chambermaids and room attendants
8_751_75100,Plant and machine operators and assemblers_Fibre preparers_Fibre preparers,Occupation: Plant and machine operators and assemblers_Fibre preparers_Fibre preparers
7_839_83700,"Crafts and related trades workers_Blacksmiths, toolmakers and machinetool operators not elsewhere classified_Locksmiths","Occupation: Crafts and related trades workers_Blacksmiths, toolmakers and machinetool operators not elsewhere classified_Locksmiths"
7_819_81730,Crafts and related trades workers_Cabinetmakers and related woodworkers not elsewhere classified_Paper box makers,Occupation: Crafts and related trades workers_Cabinetmakers and related woodworkers not elsewhere classified_Paper box makers
1_219_22130,"Legislators, senior officials and managers_Managers not elsewhere classified_Superintendents and managers, mining, quarrying, etc.","Occupation: Legislators, senior officials and managers_Managers not elsewhere classified_Superintendents and managers, mining, quarrying, etc."
8_749_74100,Plant and machine operators and assemblers_Chemical processers and related workers not elsewhere classified_Drug workers,Occupation: Plant and machine operators and assemblers_Chemical processers and related workers not elsewhere classified_Drug workers
8_833_83310,Plant and machine operators and assemblers_Machinetool setteroperators_Metalworking machine operators,Occupation: Plant and machine operators and assemblers_Machinetool setteroperators_Metalworking machine operators
7_773_77320,Crafts and related trades workers_Butchers and meat preparers_Pork butchers,Occupation: Crafts and related trades workers_Butchers and meat preparers_Pork butchers
8_749_74620,Plant and machine operators and assemblers_Chemical processers and related workers not elsewhere classified_Paint and varnish makers,Occupation: Plant and machine operators and assemblers_Chemical processers and related workers not elsewhere classified_Paint and varnish makers
7_924_92400,Crafts and related trades workers_Printing engravers (except photoengravers)_Lithographers,Occupation: Crafts and related trades workers_Printing engravers (except photoengravers)_Lithographers
1_219_22160,"Legislators, senior officials and managers_Managers not elsewhere classified_Superintendents and managers, public utilities","Occupation: Legislators, senior officials and managers_Managers not elsewhere classified_Superintendents and managers, public utilities"
7_796_79620,Crafts and related trades workers_Upholsterers and related workers_Upholsterers (except vehicle),Occupation: Crafts and related trades workers_Upholsterers and related workers_Upholsterers (except vehicle)
8_969_96900,Plant and machine operators and assemblers_Stationary engine and related equipment operators not elsewhere classified_Other stationary engine and related equipment operators,Occupation: Plant and machine operators and assemblers_Stationary engine and related equipment operators not elsewhere classified_Other stationary engine and related equipment operators
6_627_62740,Skilled agricultural and fishery workers_Nursery workers and gardeners_Landscape gardeners,Occupation: Skilled agricultural and fishery workers_Nursery workers and gardeners_Landscape gardeners
7_925_92500,Crafts and related trades workers_Photoengravers_Photo-engravers,Occupation: Crafts and related trades workers_Photoengravers_Photo-engravers
7_880_88020,Crafts and related trades workers_Jewellery and precious metal workers_Jewellers,Occupation: Crafts and related trades workers_Jewellery and precious metal workers_Jewellers
7_880_88050,Crafts and related trades workers_Jewellery and precious metal workers_Working with gems and stones,Occupation: Crafts and related trades workers_Jewellery and precious metal workers_Working with gems and stones
2_31_3020,Professionals_Surveyors_Land surveyors,Occupation: Professionals_Surveyors_Land surveyors
7_776_77610,"Crafts and related trades workers_Bakers, pastrycooks and confectionery makers_Baker and confectioner","Occupation: Crafts and related trades workers_Bakers, pastrycooks and confectionery makers_Baker and confectioner"
3_36_3250,Technicians and associate professionals_Chemical engineering technicians_Chemical engineering technicals,Occupation: Technicians and associate professionals_Chemical engineering technicians_Chemical engineering technicals
8_949_94930,Plant and machine operators and assemblers_Other production and related workers_Linoleum makers and floor cloth makers,Occupation: Plant and machine operators and assemblers_Other production and related workers_Linoleum makers and floor cloth makers
7_728_72800,Crafts and related trades workers_Metal platers and coaters_Metal platers and coaters,Occupation: Crafts and related trades workers_Metal platers and coaters_Metal platers and coaters
7_793_79320,Crafts and related trades workers_Milliners and hatmakers_Milliners,Occupation: Crafts and related trades workers_Milliners and hatmakers_Milliners
7_949_94920,"Crafts and related trades workers_Other production and related workers_Animal stuffers, taxidermists and shell workers","Occupation: Crafts and related trades workers_Other production and related workers_Animal stuffers, taxidermists and shell workers"
7_776_77690,"Crafts and related trades workers_Bakers, pastrycooks and confectionery makers_Other baked goods makers","Occupation: Crafts and related trades workers_Bakers, pastrycooks and confectionery makers_Other baked goods makers"
1_219_21210,"Legislators, senior officials and managers_Managers not elsewhere classified_Contractors nfs","Occupation: Legislators, senior officials and managers_Managers not elsewhere classified_Contractors nfs"
8_749_74920,Plant and machine operators and assemblers_Chemical processers and related workers not elsewhere classified_Fertilizer and manure makers,Occupation: Plant and machine operators and assemblers_Chemical processers and related workers not elsewhere classified_Fertilizer and manure makers
2_161_16110,"Professionals_Sculptors, painters and related artists_Artists nfs and art teachers","Occupation: Professionals_Sculptors, painters and related artists_Artists nfs and art teachers"
8_749_74200,Plant and machine operators and assemblers_Chemical processers and related workers not elsewhere classified_Gunpowder and explosive makers,Occupation: Plant and machine operators and assemblers_Chemical processers and related workers not elsewhere classified_Gunpowder and explosive makers
2_29_2900,Professionals_Engineers not elsewhere classified_Professional engineers nec,Occupation: Professionals_Engineers not elsewhere classified_Professional engineers nec
2_24_2430,"Professionals_Mechanical engineers_Mechanical engineer (motors and engines, except marine)","Occupation: Professionals_Mechanical engineers_Mechanical engineer (motors and engines, except marine)"
1_219_21180,"Legislators, senior officials and managers_Managers not elsewhere classified_Proprietor, finance","Occupation: Legislators, senior officials and managers_Managers not elsewhere classified_Proprietor, finance"
5_570_57020,"Service workers and shop and market sales_Hairdressers, barbers, beauticians and related workers_Hairdressers","Occupation: Service workers and shop and market sales_Hairdressers, barbers, beauticians and related workers_Hairdressers"
7_799_79930,"Crafts and related trades workers_Tailors, dressmakers, sewers, upholsterers and related workers not elsewhere classified_Umbrella makers","Occupation: Crafts and related trades workers_Tailors, dressmakers, sewers, upholsterers and related workers not elsewhere classified_Umbrella makers"
9_990_99430,Elementary occupations_Labourers not elsewhere classified_Helpers nfs,Occupation: Elementary occupations_Labourers not elsewhere classified_Helpers nfs
5_520_52040,Service workers and shop and market sales_Housekeeping and related service supervisors_Matrons,Occupation: Service workers and shop and market sales_Housekeeping and related service supervisors_Matrons
7_939_93400,Crafts and related trades workers_Painters not elsewhere classified_Gilders,Occupation: Crafts and related trades workers_Painters not elsewhere classified_Gilders
3_179_17900,Technicians and associate professionals_Performing artists not elsewhere classified_Performing artists nec,Occupation: Technicians and associate professionals_Performing artists not elsewhere classified_Performing artists nec
7_923_92300,Crafts and related trades workers_Stereotypers and electrotypers_Stereotypers and electrotypers,Occupation: Crafts and related trades workers_Stereotypers and electrotypers_Stereotypers and electrotypers
8_910_91020,"Plant and machine operators and assemblers_Paper and paperboard products makers_Paper and paperboard products makers, except boxes","Occupation: Plant and machine operators and assemblers_Paper and paperboard products makers_Paper and paperboard products makers, except boxes"
7_941_94120,Crafts and related trades workers_Musical instrument makers and tuners_Piano maker,Occupation: Crafts and related trades workers_Musical instrument makers and tuners_Piano maker
7_941_94140,Crafts and related trades workers_Musical instrument makers and tuners_Organ builder,Occupation: Crafts and related trades workers_Musical instrument makers and tuners_Organ builder
4_394_39400,Clerks_Receptionists and travel agency clerks_Hotel clerk or other receptionist,Occupation: Clerks_Receptionists and travel agency clerks_Hotel clerk or other receptionist
5_490_49090,Service workers and shop and market sales_Sales workers not elsewhere classified_Dealers and salesworkers nec,Occupation: Service workers and shop and market sales_Sales workers not elsewhere classified_Dealers and salesworkers nec
7_953_95320,Crafts and related trades workers_Roofers_Slate and tile roofers,Occupation: Crafts and related trades workers_Roofers_Slate and tile roofers
7_941_94130,Crafts and related trades workers_Musical instrument makers and tuners_Piano tuner,Occupation: Crafts and related trades workers_Musical instrument makers and tuners_Piano tuner
5_451_45190,"Service workers and shop and market sales_Salesmen, shop assistants and demonstrators_Other sales personnel men, shop assistants and demonstrators","Occupation: Service workers and shop and market sales_Salesmen, shop assistants and demonstrators_Other sales personnel men, shop assistants and demonstrators"
7_873_87350,Crafts and related trades workers_Sheetmetal workers_Boilermaker,Occupation: Crafts and related trades workers_Sheetmetal workers_Boilermaker
5_592_59200,Service workers and shop and market sales_Undertakers and embalmers_Undertakers and embalmers,Occupation: Service workers and shop and market sales_Undertakers and embalmers_Undertakers and embalmers
5_442_44200,Service workers and shop and market sales_Business services salesmen_Advertising salesmen,Occupation: Service workers and shop and market sales_Business services salesmen_Advertising salesmen
7_776_77650,"Crafts and related trades workers_Bakers, pastrycooks and confectionery makers_Chocolate makers","Occupation: Crafts and related trades workers_Bakers, pastrycooks and confectionery makers_Chocolate makers"
2_129_12900,"Professionals_Jurists not elsewhere classified_Jurists (except lawyer, judge or solicitor)","Occupation: Professionals_Jurists not elsewhere classified_Jurists (except lawyer, judge or solicitor)"
7_956_95600,Crafts and related trades workers_Insulators_Pipe coverers and insulators,Occupation: Crafts and related trades workers_Insulators_Pipe coverers and insulators
2_161_16120,"Professionals_Sculptors, painters and related artists_Sculptors","Occupation: Professionals_Sculptors, painters and related artists_Sculptors"
4_399_39900,Clerks_Clerks not elsewhere classified_Other specified clerks,Occupation: Clerks_Clerks not elsewhere classified_Other specified clerks
8_839_83550,"Plant and machine operators and assemblers_Blacksmiths, toolmakers and machinetool operators not elsewhere classified_Cutler (knives, forks, spoon)","Occupation: Plant and machine operators and assemblers_Blacksmiths, toolmakers and machinetool operators not elsewhere classified_Cutler (knives, forks, spoon)"
7_939_93320,Crafts and related trades workers_Painters not elsewhere classified_Lacquerers and enamellers,Occupation: Crafts and related trades workers_Painters not elsewhere classified_Lacquerers and enamellers
5_443_44330,Service workers and shop and market sales_Auctioneers_Appraisers,Occupation: Service workers and shop and market sales_Auctioneers_Appraisers
7_953_95310,"Crafts and related trades workers_Roofers_Roofer, specialisation unknown","Occupation: Crafts and related trades workers_Roofers_Roofer, specialisation unknown"
1_219_21162,"Legislators, senior officials and managers_Managers not elsewhere classified_Executive officer of other transport and communications","Occupation: Legislators, senior officials and managers_Managers not elsewhere classified_Executive officer of other transport and communications"
3_33_3220,Technicians and associate professionals_Civil engineering technicians_Civil engineering technicians,Occupation: Technicians and associate professionals_Civil engineering technicians_Civil engineering technicians
7_880_88040,Crafts and related trades workers_Jewellery and precious metal workers_Silversmith,Occupation: Crafts and related trades workers_Jewellery and precious metal workers_Silversmith
7_929_92900,Crafts and related trades workers_Printers and related workers not elsewhere classified_Other printers and related workers,Occupation: Crafts and related trades workers_Printers and related workers not elsewhere classified_Other printers and related workers
7_941_94190,Crafts and related trades workers_Musical instrument makers and tuners_Other musical instrument makers and tuner,Occupation: Crafts and related trades workers_Musical instrument makers and tuners_Other musical instrument makers and tuner
7_842_84230,"Crafts and related trades workers_Watch, clock and precision instrument makers_Optical instrument makers and workers (not opticians)","Occupation: Crafts and related trades workers_Watch, clock and precision instrument makers_Optical instrument makers and workers (not opticians)"
7_759_75990,"Crafts and related trades workers_Spinners, weavers, knitters, dyers and related workers not elsewhere classified_Other specialised textile workers nec","Occupation: Crafts and related trades workers_Spinners, weavers, knitters, dyers and related workers not elsewhere classified_Other specialised textile workers nec"
5_552_55230,"Service workers and shop and market sales_Charworkers, cleaners and related workers_Window cleaners","Occupation: Service workers and shop and market sales_Charworkers, cleaners and related workers_Window cleaners"
3_79_7940,"Technicians and associate professionals_Medical, dental, veterinary and related workers not elsewhere classified_Sanitarians","Occupation: Technicians and associate professionals_Medical, dental, veterinary and related workers not elsewhere classified_Sanitarians"
2_174_17400,"Professionals_Producers, performing arts_Producers, performing arts","Occupation: Professionals_Producers, performing arts_Producers, performing arts"
1_219_21152,"Legislators, senior officials and managers_Managers not elsewhere classified_Executive officers of railway concerns","Occupation: Legislators, senior officials and managers_Managers not elsewhere classified_Executive officers of railway concerns"
1_219_21192,"Legislators, senior officials and managers_Managers not elsewhere classified_Executive officers of other large scale productive enterprises","Occupation: Legislators, senior officials and managers_Managers not elsewhere classified_Executive officers of other large scale productive enterprises"
7_873_87390,Crafts and related trades workers_Sheetmetal workers_Other sheet metal workers,Occupation: Crafts and related trades workers_Sheetmetal workers_Other sheet metal workers
8_901_90100,Plant and machine operators and assemblers_Rubber and plastics product makers (except tire makers and tire vulcanisers)_Rubber product makers,Occupation: Plant and machine operators and assemblers_Rubber and plastics product makers (except tire makers and tire vulcanisers)_Rubber product makers
7_939_93130,"Crafts and related trades workers_Painters not elsewhere classified_Painters, ship","Occupation: Crafts and related trades workers_Painters not elsewhere classified_Painters, ship"
8_972_97220,Plant and machine operators and assemblers_Riggers and cable splicers_Ship riggers,Occupation: Plant and machine operators and assemblers_Riggers and cable splicers_Ship riggers
7_803_80390,Crafts and related trades workers_Leather goods makers_Other leather goods makers,Occupation: Crafts and related trades workers_Leather goods makers_Other leather goods makers
7_727_72700,Crafts and related trades workers_Metal drawers and extruders_Metal drawers and workers in metal drawing,Occupation: Crafts and related trades workers_Metal drawers and extruders_Metal drawers and workers in metal drawing
8_910_91090,Plant and machine operators and assemblers_Paper and paperboard products makers_Other paper product makers,Occupation: Plant and machine operators and assemblers_Paper and paperboard products makers_Other paper product makers
7_954_95440,"Crafts and related trades workers_Carpenters, joiners and parquetry workers_Scaffolders","Occupation: Crafts and related trades workers_Carpenters, joiners and parquetry workers_Scaffolders"
7_772_77200,Crafts and related trades workers_Sugar processers and refiners_Sugar refiners,Occupation: Crafts and related trades workers_Sugar processers and refiners_Sugar refiners
7_880_88090,Crafts and related trades workers_Jewellery and precious metal workers_Other jewellery and precious metal workers,Occupation: Crafts and related trades workers_Jewellery and precious metal workers_Other jewellery and precious metal workers
7_783_78300,Crafts and related trades workers_Cigarette makers_Cigarette makers,Occupation: Crafts and related trades workers_Cigarette makers_Cigarette makers
7_941_94110,Crafts and related trades workers_Musical instrument makers and tuners_Musical instrument maker nfs,Occupation: Crafts and related trades workers_Musical instrument makers and tuners_Musical instrument maker nfs
8_749_74750,Plant and machine operators and assemblers_Chemical processers and related workers not elsewhere classified_Wax and polish makers,Occupation: Plant and machine operators and assemblers_Chemical processers and related workers not elsewhere classified_Wax and polish makers
2_51_5100,"Professionals_Biologists, zoologists and related scientists_Biologists, botanists, zoologists and related scientists","Occupation: Professionals_Biologists, zoologists and related scientists_Biologists, botanists, zoologists and related scientists"
8_985_98530,"Plant and machine operators and assemblers_Motor vehicle drivers_Drivers (personal, for hire)","Occupation: Plant and machine operators and assemblers_Motor vehicle drivers_Drivers (personal, for hire)"
8_749_74430,Plant and machine operators and assemblers_Chemical processers and related workers not elsewhere classified_Alkali and soda makers,Occupation: Plant and machine operators and assemblers_Chemical processers and related workers not elsewhere classified_Alkali and soda makers
7_811_81140,Crafts and related trades workers_Cabinetmakers_Wicker furniture makers,Occupation: Crafts and related trades workers_Cabinetmakers_Wicker furniture makers
7_762_76200,Crafts and related trades workers_Pelt dressers_Fur and pelt dressers,Occupation: Crafts and related trades workers_Pelt dressers_Fur and pelt dressers
7_929_92800,Crafts and related trades workers_Printers and related workers not elsewhere classified_Textile printers,Occupation: Crafts and related trades workers_Printers and related workers not elsewhere classified_Textile printers
8_749_74640,"Plant and machine operators and assemblers_Chemical processers and related workers not elsewhere classified_Ink, blacking, colouring, etc., makers","Occupation: Plant and machine operators and assemblers_Chemical processers and related workers not elsewhere classified_Ink, blacking, colouring, etc., makers"
6_649_64970,"Skilled agricultural and fishery workers_Fishermen, hunters and related workers not elsewhere classified_Trappers or hunters","Occupation: Skilled agricultural and fishery workers_Fishermen, hunters and related workers not elsewhere classified_Trappers or hunters"
7_949_94290,Crafts and related trades workers_Other production and related workers_Bristle and straw workers nec,Occupation: Crafts and related trades workers_Other production and related workers_Bristle and straw workers nec
6_624_62430,Skilled agricultural and fishery workers_Livestock workers_Sheep workers,Occupation: Skilled agricultural and fishery workers_Livestock workers_Sheep workers
7_954_95490,"Crafts and related trades workers_Carpenters, joiners and parquetry workers_Other wooden construction workers","Occupation: Crafts and related trades workers_Carpenters, joiners and parquetry workers_Other wooden construction workers"
5_591_59100,Service workers and shop and market sales_Guides_Guides,Occupation: Service workers and shop and market sales_Guides_Guides
6_649_64920,"Skilled agricultural and fishery workers_Fishermen, hunters and related workers not elsewhere classified_Fish farm workers","Occupation: Skilled agricultural and fishery workers_Fishermen, hunters and related workers not elsewhere classified_Fish farm workers"
8_749_74340,Plant and machine operators and assemblers_Chemical processers and related workers not elsewhere classified_Tar makers,Occupation: Plant and machine operators and assemblers_Chemical processers and related workers not elsewhere classified_Tar makers
8_985_98590,Plant and machine operators and assemblers_Motor vehicle drivers_Others drivers,Occupation: Plant and machine operators and assemblers_Motor vehicle drivers_Others drivers
6_624_62490,"Skilled agricultural and fishery workers_Livestock workers_Livestock workers, nec","Occupation: Skilled agricultural and fishery workers_Livestock workers_Livestock workers, nec"
7_726_72600,"Crafts and related trades workers_Metal annealers, temperers and casehardeners_Metal annealers, temperers and hardeners","Occupation: Crafts and related trades workers_Metal annealers, temperers and casehardeners_Metal annealers, temperers and hardeners"
7_832_83210,"Crafts and related trades workers_Toolmakers, metal patternmakers and metal markers_Tool makers nfs","Occupation: Crafts and related trades workers_Toolmakers, metal patternmakers and metal markers_Tool makers nfs"
7_894_89400,"Crafts and related trades workers_Glass engravers and etchers_Glass engravers, etchers and finishers","Occupation: Crafts and related trades workers_Glass engravers and etchers_Glass engravers, etchers and finishers"
7_796_79640,Crafts and related trades workers_Upholsterers and related workers_Mattress makers,Occupation: Crafts and related trades workers_Upholsterers and related workers_Mattress makers
7_761_76120,Crafts and related trades workers_Tanners and fellmongers_Fellmongers,Occupation: Crafts and related trades workers_Tanners and fellmongers_Fellmongers
3_180_18000,"Technicians and associate professionals_Athletes, sportsmen and related workers_Athletes, sportsmen and related workers","Occupation: Technicians and associate professionals_Athletes, sportsmen and related workers_Athletes, sportsmen and related workers"
7_953_95390,Crafts and related trades workers_Roofers_Other roofers,Occupation: Crafts and related trades workers_Roofers_Other roofers
1_212_21122,"Legislators, senior officials and managers_Production managers (except farm)_Executive officers of manufacturing concerns nfs","Occupation: Legislators, senior officials and managers_Production managers (except farm)_Executive officers of manufacturing concerns nfs"
5_520_52050,Service workers and shop and market sales_Housekeeping and related service supervisors_Butlers,Occupation: Service workers and shop and market sales_Housekeeping and related service supervisors_Butlers
2_24_2440,Professionals_Mechanical engineers_Marine engineers,Occupation: Professionals_Mechanical engineers_Marine engineers
3_43_4300,Technicians and associate professionals_Ships' engineers_Ship's engineers,Occupation: Technicians and associate professionals_Ships' engineers_Ship's engineers
8_749_74720,"Plant and machine operators and assemblers_Chemical processers and related workers not elsewhere classified_Tallow chandlers, candle makers and grease makers","Occupation: Plant and machine operators and assemblers_Chemical processers and related workers not elsewhere classified_Tallow chandlers, candle makers and grease makers"
2_61_6130,Professionals_Medical doctors_Surgeons,Occupation: Professionals_Medical doctors_Surgeons
7_723_72300,"Crafts and related trades workers_Metal melters and reheaters_Metal melters and reheaters, and workers in metal melting mills","Occupation: Crafts and related trades workers_Metal melters and reheaters_Metal melters and reheaters, and workers in metal melting mills"
6_649_64930,"Skilled agricultural and fishery workers_Fishermen, hunters and related workers not elsewhere classified_Oyster farm workers","Occupation: Skilled agricultural and fishery workers_Fishermen, hunters and related workers not elsewhere classified_Oyster farm workers"
5_599_59300,Service workers and shop and market sales_Other service workers_Prostitutes,Occupation: Service workers and shop and market sales_Other service workers_Prostitutes
2_149_14900,Professionals_Workers in religion not elsewhere classified_Workers in religion nec,Occupation: Professionals_Workers in religion not elsewhere classified_Workers in religion nec
1_219_21340,"Legislators, senior officials and managers_Managers not elsewhere classified_Speculators","Occupation: Legislators, senior officials and managers_Managers not elsewhere classified_Speculators"
9_990_99150,Elementary occupations_Labourers not elsewhere classified_Worker nfs,Occupation: Elementary occupations_Labourers not elsewhere classified_Worker nfs
6_612_61220,Skilled agricultural and fishery workers_Specialised farmers_Field crop farmers,Occupation: Skilled agricultural and fishery workers_Specialised farmers_Field crop farmers
3_38_3270,Technicians and associate professionals_Mining technicians_Mining technicians,Occupation: Technicians and associate professionals_Mining technicians_Mining technicians
